<configuration>
    <appender name="STDOUT" class="ch.qos.logback.core.ConsoleAppender">
        <encoder>
            <pattern>%date{ISO8601} %-5level %logger - %msg%n</pattern>
        </encoder>
    </appender>

    <appender name="JSON-STDOUT" target="System.out" class="ch.qos.logback.core.ConsoleAppender">
        <encoder class="ch.qos.logback.core.encoder.LayoutWrappingEncoder">
            <layout class="kalix.javasdk.logging.LogbackJsonLayout">
                <timestampFormat>yyyy-MM-dd'T'HH:mm:ss.SSSX</timestampFormat>
                <timestampFormatTimezoneId>Etc/UTC</timestampFormatTimezoneId>
                <appendLineSeparator>true</appendLineSeparator>
                <jsonFormatter class="ch.qos.logback.contrib.jackson.JacksonJsonFormatter">
                    <!-- Don't use prettyPrint true in production, but can be useful for local development -->
                    <prettyPrint>false</prettyPrint>
                </jsonFormatter>
            </layout>
        </encoder>
    </appender>

    <appender name="ASYNC-JSON-STDOUT" class="ch.qos.logback.classic.AsyncAppender">
        <queueSize>8192</queueSize>
        <neverBlock>true</neverBlock>
        <appender-ref ref="JSON-STDOUT"/>
    </appender>

    <logger name="akka" level="INFO"/>
    <logger name="kalix" level="INFO"/>
    <logger name="akka.http" level="INFO"/>
    <logger name="io.grpc" level="INFO"/>

    <root level="INFO">
        <appender-ref ref="ASYNC-JSON-STDOUT"/>
    </root>
</configuration>
