<?xml version="1.0" encoding="UTF-8"?>
<project xmlns="http://maven.apache.org/POM/4.0.0" xmlns:xsi="http://www.w3.org/2001/XMLSchema-instance" xsi:schemaLocation="http://maven.apache.org/POM/4.0.0 http://maven.apache.org/maven-v4_0_0.xsd">
  <modelVersion>4.0.0</modelVersion>
  <groupId>customer</groupId>
  <artifactId>customer-registry</artifactId>
  <name>Customer Registry with Views (Quickstart)</name>
  <version>1.0-SNAPSHOT</version>
  <build>
    <extensions>
      <extension>
        <groupId>kr.motd.maven</groupId>
        <artifactId>os-maven-plugin</artifactId>
        <version>1.7.0</version>
      </extension>
    </extensions>
    <resources>
      <resource>
        <directory>${project.build.directory}/generated-resources</directory>
      </resource>
      <resource>
        <directory>src/main/resources</directory>
      </resource>
    </resources>
    <plugins>
      <plugin>
        <artifactId>maven-compiler-plugin</artifactId>
        <version>3.8.1</version>
        <configuration>
          <source>${jdk.target}</source>
          <target>${jdk.target}</target>
          <compilerArgs>
            <arg>-Xlint:deprecation</arg>
          </compilerArgs>
        </configuration>
      </plugin>
      <plugin>
        <groupId>org.xolstice.maven.plugins</groupId>
        <artifactId>protobuf-maven-plugin</artifactId>
        <version>0.6.1</version>
        <executions>
          <execution>
            <id>protobuf</id>
            <goals>
              <goal>compile</goal>
            </goals>
            <configuration>
              <writeDescriptorSet>true</writeDescriptorSet>
              <includeSourceInfoInDescriptorSet>true</includeSourceInfoInDescriptorSet>
              <descriptorSetFileName>user-function.desc</descriptorSetFileName>
              <checkStaleness>true</checkStaleness>
              <protocArtifact>com.google.protobuf:protoc:3.9.1:exe:${os.detected.classifier}</protocArtifact>
              <protocPlugins>
                <protocPlugin>
                  <id>akka-grpc</id>
                  <groupId>com.lightbend.akka.grpc</groupId>
                  <artifactId>akka-grpc-scalapb-protoc-plugin_2.12</artifactId>
                  <version>${akka-grpc.version}</version>
                  <mainClass>akka.grpc.gen.Main</mainClass>
                </protocPlugin>
              </protocPlugins>
            </configuration>
          </execution>
        </executions>
      </plugin>
      <plugin>
        <artifactId>maven-shade-plugin</artifactId>
        <version>2.1</version>
        <executions>
          <execution>
            <phase>package</phase>
            <goals>
              <goal>shade</goal>
            </goals>
            <configuration>
              <transformers>
                <transformer>
                  <resource>reference.conf</resource>
                </transformer>
                <transformer>
                  <mainClass>${mainClass}</mainClass>
                </transformer>
              </transformers>
            </configuration>
          </execution>
        </executions>
      </plugin>
      <plugin>
        <groupId>io.fabric8</groupId>
        <artifactId>docker-maven-plugin</artifactId>
        <version>0.36.0</version>
        <executions>
          <execution>
            <id>build-docker-image</id>
            <phase>package</phase>
            <goals>
              <goal>build</goal>
            </goals>
          </execution>
          <execution>
            <id>push-docker-image</id>
            <phase>deploy</phase>
            <goals>
              <goal>push</goal>
            </goals>
          </execution>
        </executions>
        <configuration>
          <images>
            <image>
              <name>${dockerImage}:%l</name>
              <build>
                <from>docker.io/library/adoptopenjdk:${jdk.target}-jre-hotspot</from>
                <tags>
                  <tag>${dockerTag}</tag>
                </tags>
                <ports>
                  <port>8080</port>
                </ports>
                <assembly>
                  <descriptorRef>artifact</descriptorRef>
                </assembly>
                <entryPoint>
                  <arg>java</arg>
                  <arg>-jar</arg>
                  <arg>/maven/${project.build.finalName}.jar</arg>
                </entryPoint>
              </build>
            </image>
          </images>
        </configuration>
      </plugin>
      <plugin>
        <groupId>org.codehaus.mojo</groupId>
        <artifactId>exec-maven-plugin</artifactId>
        <version>3.0.0</version>
        <executions>
          <execution>
            <goals>
              <goal>exec</goal>
            </goals>
          </execution>
        </executions>
        <configuration>
          <executable>java</executable>
          <arguments>
            <argument>-classpath</argument>
            <classpath />
            <argument>${mainClass}</argument>
          </arguments>
          <environmentVariables>
            <HOST>0.0.0.0</HOST>
          </environmentVariables>
        </configuration>
      </plugin>
      <plugin>
        <groupId>org.codehaus.mojo</groupId>
        <artifactId>build-helper-maven-plugin</artifactId>
        <version>3.2.0</version>
        <executions>
          <execution>
            <id>add-integration-test-source</id>
            <phase>generate-test-sources</phase>
            <goals>
              <goal>add-test-source</goal>
            </goals>
            <configuration>
              <sources>
                <source>src/it/java</source>
              </sources>
            </configuration>
          </execution>
          <execution>
            <id>add-integration-test-resource</id>
            <phase>generate-test-resources</phase>
            <goals>
              <goal>add-test-resource</goal>
            </goals>
            <configuration>
              <resources>
                <resource>
                  <directory>src/it/resources</directory>
                </resource>
              </resources>
            </configuration>
          </execution>
        </executions>
      </plugin>
      <plugin>
        <artifactId>maven-surefire-plugin</artifactId>
        <version>2.22.2</version>
        <configuration>
          <excludes>
            <exclude>**/*IntegrationTest</exclude>
          </excludes>
        </configuration>
      </plugin>
      <plugin>
        <groupId>com.akkaserverless</groupId>
        <artifactId>akkaserverless-maven-plugin</artifactId>
        <version>${akkaserverless-sdk.version}</version>
        <executions>
          <execution>
            <goals>
              <goal>generate</goal>
              <goal>deploy</goal>
            </goals>
          </execution>
        </executions>
        <configuration>
          <dockerImage>${dockerImage}:${dockerTag}</dockerImage>
          <mainClass>${mainClass}</mainClass>
          <integrationTestSourceDirectory>src/it/java</integrationTestSourceDirectory>
        </configuration>
      </plugin>
      <plugin>
        <artifactId>maven-deploy-plugin</artifactId>
        <version>3.0.0-M1</version>
        <configuration>
          <skip>true</skip>
        </configuration>
      </plugin>
    </plugins>
  </build>
  <profiles>
    <profile>
      <id>it</id>
      <build>
        <plugins>
          <plugin>
            <artifactId>maven-failsafe-plugin</artifactId>
            <version>2.22.2</version>
            <executions>
              <execution>
                <goals>
                  <goal>integration-test</goal>
                  <goal>verify</goal>
                </goals>
                <configuration>
                  <includes>
                    <include>**/*IntegrationTest</include>
                  </includes>
                </configuration>
              </execution>
            </executions>
          </plugin>
        </plugins>
      </build>
      <properties>
        <os.detected.arch>x86_64</os.detected.arch>
        <os.detected.bitness>64</os.detected.bitness>
        <os.detected.name>osx</os.detected.name>
        <os.detected.classifier>osx-x86_64</os.detected.classifier>
      </properties>
    </profile>
  </profiles>
  <dependencies>
    <dependency>
      <groupId>com.akkaserverless</groupId>
      <artifactId>akkaserverless-java-sdk-testkit</artifactId>
      <version>0.8.0-60-501b1962-dev-SNAPSHOT</version>
      <scope>test</scope>
      <exclusions>
        <exclusion>
          <artifactId>testcontainers</artifactId>
          <groupId>org.testcontainers</groupId>
        </exclusion>
        <exclusion>
          <artifactId>commons-compress</artifactId>
          <groupId>org.apache.commons</groupId>
        </exclusion>
      </exclusions>
    </dependency>
    <dependency>
      <groupId>junit</groupId>
      <artifactId>junit</artifactId>
      <version>4.13.1</version>
      <scope>test</scope>
      <exclusions>
        <exclusion>
          <artifactId>hamcrest-core</artifactId>
          <groupId>org.hamcrest</groupId>
        </exclusion>
      </exclusions>
    </dependency>
    <dependency>
      <groupId>org.awaitility</groupId>
      <artifactId>awaitility</artifactId>
      <version>4.1.0</version>
      <scope>test</scope>
      <exclusions>
        <exclusion>
          <artifactId>hamcrest</artifactId>
          <groupId>org.hamcrest</groupId>
        </exclusion>
      </exclusions>
    </dependency>
  </dependencies>
  <properties>
    <jdk.target>11</jdk.target>
    <dockerImage>my-docker-repo/${project.artifactId}</dockerImage>
    <mainClass>customer.Main</mainClass>
    <akkaserverless-sdk.version>0.9.0</akkaserverless-sdk.version>
    <akka-grpc.version>2.1.0</akka-grpc.version>
    <project.build.sourceEncoding>UTF-8</project.build.sourceEncoding>
    <dockerTag>${project.version}</dockerTag>
  </properties>
</project>

